cluster_id,pcd_refset_id,service_and_ruleset
ALCEXINT_COD,999000171000230108,CC Alcohol
ALCSPADV_COD,999000291000230100,CC Alcohol
AUDIT_COD,999000491000230104,CC Alcohol
AUDITC_COD,999000531000230104,CC Alcohol
FAST_COD,999000691000230102,CC Alcohol
ALCBRINT_COD,999000091000230108,CC Alcohol
DEM_COD,999001331000230103,CC Dementia data
DEMASS_COD,999001371000230101,CC Dementia data
DEMASSDEC_COD,999001411000230102,CC Dementia data
DEMCP_COD,999001451000230103,CC Dementia data
DEMCPRVW_COD,999001531000230108,CC Dementia data
DEMCPRVWDEC_COD,999001571000230105,CC Dementia data
DEMMEDRVW_COD,999001611000230104,CC Dementia data
ETH2016AC_COD,999001731000230102,CC Dementia data
ETH2016AI_COD,999001771000230100,CC Dementia data
ETH2016AO_COD,999001811000230100,CC Dementia data
ETH2016AP_COD,999001851000230101,CC Dementia data
ETH2016BA_COD,999001891000230106,CC Dementia data
ETH2016BO_COD,999001971000230102,CC Dementia data
ETH2016MO_COD,999002011000230103,CC Dementia data
ETH2016MWA_COD,999002051000230104,CC Dementia data
ETH2016OA_COD,999002211000230107,CC Dementia data
ETH2016OO_COD,999002251000230106,CC Dementia data
ETH2016WGT_COD,999002331000230105,CC Dementia data
DEMCPDEC_COD,999001491000230108,CC Dementia data
DEMRISK_COD,999001651000230100,CC Dementia data
ETH2016AB_COD,999001691000230105,CC Dementia data
ETH2016BC_COD,999001931000230104,CC Dementia data
ETH2016MWBA_COD,999002091000230109,CC Dementia data
ETH2016MWBC_COD,999002131000230107,CC Dementia data
ETH2016NSTAT_COD,999002171000230109,CC Dementia data
ETH2016WB_COD,999002291000230101,CC Dementia data
ETH2016WI_COD,999002371000230107,CC Dementia data
ETH2016WO_COD,999002411000230106,CC Dementia data
MEMCLINDEC2_COD,999002571000230103,CC Dementia data
MH_COD,999001091000230104,CC Dementia data
MEMASS_COD,999002451000230105,CC Dementia data
MEMASSDEC_COD,999002491000230100,CC Dementia data
MEMCLIN2_COD,999002531000230100,CC Dementia data
ALLOCATEGP_COD,999020131000230103,CC GMS/PMS
EXPCONCORSCR_COD,999019811000230101,CC GMS/PMS
EXPCONSCR_COD,999018891000230101,CC GMS/PMS
FALLS_COD,999018971000230105,CC GMS/PMS
FALLSREF_COD,999019891000230107,CC GMS/PMS
FRAILASS_COD,999019851000230102,CC GMS/PMS
FRAILASSDEC_COD,999018931000230108,CC GMS/PMS
EXPDISSCR_COD,999020851000230103,CC GMS/PMS
FALLSDISC_COD,999021011000230104,CC GMS/PMS
MEDRVW_COD,999020811000230102,CC GMS/PMS
MODFRAIL_COD,999013571000230108,CC GMS/PMS
SEVFRAIL_COD,999012131000230109,CC GMS/PMS
MILDFRAIL_COD,999013531000230106,CC GMS/PMS
"NAMEDACGP_COD",999021411000230107,CC GMS/PMS
HLTHAP_COD,999015891000230105,ES LD health checks
HLTHAPDEC_COD,999018571000230102,ES LD health checks
HLTHCHK_COD,999015851000230100,ES LD health checks
HLTHCHKDEC_COD,999018611000230108,ES LD health checks
LD_COD,999002611000230109,ES LD health checks
ACCONFUS_COD,999021731000230107,ES NCD
AST_COD,999012891000230104,ES NCD
ASTADMSN_COD,999019091000230100,ES NCD
ASTRES_COD,999010051000230100,ES NCD
CANSAFNET_COD,999021771000230109,ES NCD
CARECOORD_COD,999027291000230105,ES NCD
CAREHOME_COD,999025691000230102,ES NCD
CHRONHD_COD,999014131000230101,ES NCD
CKD1AND2ATRISK1_COD,999020931000230101,ES NCD
CKDATRISK2_COD,999021491000230101,ES NCD
CKDRES_COD,999004171000230102,ES NCD
CLDATRISK1_COD,999014211000230101,ES NCD
CNDATRISK1_COD,999019731000230103,ES NCD
CRDATRISK2_COD,999019171000230100,ES NCD
DECDCARHOM_COD,999022011000230106,ES NCD
DELIRIUMASS_COD,999022331000230104,ES NCD
DM_COD,999004691000230108,ES NCD
FALRISKASS_COD,999022451000230104,ES NCD
FCPHYSIO_COD,999021811000230109,ES NCD
FLUDEC_COD,999008731000230108,ES NCD
FLUEXPCON_COD,999008771000230105,ES NCD
FLUINVITE_COD,999020331000230100,ES NCD
FTCANREF_COD,999022491000230109,ES NCD
BMIVAL_COD,999011171000230101,ES NCD
HEALWELLBECOA_COD,999027331000230101,ES NCD
HLTHAP_COD,999015891000230105,ES NCD
HLTHAPDEC_COD,999018571000230102,ES NCD
HLTHCHK_COD,999015851000230100,ES NCD
HOUSEOWNER_COD,999022531000230109,ES NCD
IMATRISK1_COD,999014411000230102,ES NCD
DIETITIAN_COD,999022411000230103,ES NCD
DMRES_COD,999003371000230102,ES NCD
FLUNC_COD,999008811000230105,ES NCD
HLTHCHKDEC_COD,999018611000230108,ES NCD
IMTEMP_COD,999014451000230103,ES NCD
IMTRTATRISK1_COD,999014491000230108,ES NCD
LBMI_COD,999019971000230103,ES NCD
LBMI40_COD,999020771000230102,ES NCD
LD_COD,999002611000230109,ES NCD
MH_COD,999001091000230104,ES NCD
MHREM_COD,999006091000230105,ES NCD
NURSHOME_COD,999022131000230102,ES NCD
ORANTICOAG_COD,999007491000230103,ES NCD
PHARCONSUL_COD,999007571000230101,ES NCD
PHARMEDREV_COD,999007611000230107,ES NCD
PHARMTECH_COD,999022211000230102,ES NCD
PSYCHOSOCIALASSESS_COD,999022051000230105,ES NCD
REGGPALIGNCARHOMDEC_COD,999027451000230101,ES NCD
RESIDHOME_COD,999022291000230108,ES NCD
SFLUOHP1_COD,999021131000230108,ES NCD
SHARDECMAK_COD,999022371000230102,ES NCD
SPLENIC_COD,999026131000230101,ES NCD
STRUCTMEDRVW_COD,999021971000230107,ES NCD
TEMPCARHOME_COD,999023091000230109,ES NCD
XFLU_COD,999008411000230108,ES NCD
IMRESATRISK1_COD,999015531000230107,ES NCD
INTGP1_COD,999020891000230108,ES NCD
INTOHP1_COD,999021051000230100,ES NCD
MEDRVWDEC_COD,999019011000230106,ES NCD
MOVNEWRES_COD,999022571000230106,ES NCD
OCCTHERAPY_COD,999022091000230100,ES NCD
PCSPAGRE_COD,999021851000230108,ES NCD
PCSPDEC_COD,999027371000230104,ES NCD
PHARCHOMVIS_COD,999007531000230103,ES NCD
PHYSASSOCIATE_COD,999021891000230103,ES NCD
PODIATRIST_COD,999022251000230103,ES NCD
RVWPCSP_COD,999021931000230105,ES NCD
SFLUGP1_COD,999020691000230107,ES NCD
SOCPRESDEC_COD,999007651000230106,ES NCD
SOCPRESREF_COD,999007691000230101,ES NCD
ABPM_COD,999016411000230109,ES NCD Phase 2
ABPMDEC_COD,999028531000230107,ES NCD Phase 2
AFIB_COD,999010611000230105,ES NCD Phase 2
AFIBRES_COD,999007971000230109,ES NCD Phase 2
AST_COD,999012891000230104,ES NCD Phase 2
ASTRES_COD,999010051000230100,ES NCD Phase 2
BMI30_COD,999011051000230106,ES NCD Phase 2
BP_COD,999012731000230108,ES NCD Phase 2
CAN_COD,999013651000230103,ES NCD Phase 2
CHD_COD,999000771000230107,ES NCD Phase 2
CHOLMAX_COD,999011451000230100,ES NCD Phase 2
CKD_COD,999004011000230108,ES NCD Phase 2
CKD1AND2_COD,999004051000230107,ES NCD Phase 2
CKDRES_COD,999004171000230102,ES NCD Phase 2
COPD_COD,999011571000230107,ES NCD Phase 2
COPDRES_COD,999009131000230100,ES NCD Phase 2
CPCNASS_COD,999027931000230102,ES NCD Phase 2
DEATH_COD,999003291000230108,ES NCD Phase 2
DECDCARHOM_COD,999022011000230106,ES NCD Phase 2
DEM_COD,999001331000230103,ES NCD Phase 2
DEPR_COD,999004611000230102,ES NCD Phase 2
DM_COD,999004691000230108,ES NCD Phase 2
DXA2_COD,999004811000230103,ES NCD Phase 2
EFI_COD,999028251000230101,ES NCD Phase 2
EPIL_COD,999004851000230104,ES NCD Phase 2
ETHNALL_COD,999022611000230100,ES NCD Phase 2
ETHNICITYND_COD,999027811000230103,ES NCD Phase 2
ANTIHYPDEC_COD,999016571000230101,ES NCD Phase 2
BMIVAL_COD,999011171000230101,ES NCD Phase 2
HEALWELLBECOA_COD,999027331000230101,ES NCD Phase 2
HF_COD,999013691000230108,ES NCD Phase 2
HFRES_COD,999020411000230104,ES NCD Phase 2
HOMEBP_COD,999017531000230100,ES NCD Phase 2
HOMEBPDEC_COD,999028571000230109,ES NCD Phase 2
HOUSEOWNER_COD,999022531000230109,ES NCD Phase 2
HYP_COD,999006611000230105,ES NCD Phase 2
HYPREF_COD,999028291000230106,ES NCD Phase 2
HYPRES_COD,999006531000230101,ES NCD Phase 2
IGT_COD,999001051000230109,ES NCD Phase 2
CHNGMED_COD,999028331000230102,ES NCD Phase 2
DEPRES_COD,999004651000230103,ES NCD Phase 2
DMRES_COD,999003371000230102,ES NCD Phase 2
DRYPWDINHNI_COD,999028371000230100,ES NCD Phase 2
DXA_COD,999004771000230103,ES NCD Phase 2
EPILRES_COD,999005091000230101,ES NCD Phase 2
FF_COD,999008691000230100,ES NCD Phase 2
HEALCOACH_COD,999027771000230103,ES NCD Phase 2
ICSNI_COD,999028491000230107,ES NCD Phase 2
LD_COD,999002611000230109,ES NCD Phase 2
MH_COD,999001091000230104,ES NCD Phase 2
MILDINTAST_COD,999028091000230103,ES NCD Phase 2
MODAST_COD,999028131000230100,ES NCD Phase 2
MODFRAIL_COD,999013571000230108,ES NCD Phase 2
NURSHOME_COD,999022131000230102,ES NCD Phase 2
OSTEO_COD,999006011000230104,ES NCD Phase 2
PAD_COD,999005931000230101,ES NCD Phase 2
PALCARE_COD,999009771000230104,ES NCD Phase 2
PALCARENI_COD,999009931000230103,ES NCD Phase 2
PCCNASS_COD,999028051000230108,ES NCD Phase 2
PCNASS_COD,999027891000230109,ES NCD Phase 2
POSTCOVID_COD,999028211000230100,ES NCD Phase 2
PRD_COD,999002811000230108,ES NCD Phase 2
QRISK2AND3SCORE_COD,999028451000230102,ES NCD Phase 2
RARTH_COD,999005851000230103,ES NCD Phase 2
REGGPALIGNCARHOMDEC_COD,999027451000230101,ES NCD Phase 2
RESIDHOME_COD,999022291000230108,ES NCD Phase 2
SEVAST_COD,999028171000230103,ES NCD Phase 2
SEVFRAIL_COD,999012131000230109,ES NCD Phase 2
SHARDECMAK_COD,999022371000230102,ES NCD Phase 2
SOCPRESCC_COD,999027851000230104,ES NCD Phase 2
STRK_COD,999005531000230105,ES NCD Phase 2
STRUCTMEDRVW_COD,999021971000230107,ES NCD Phase 2
TEMPCARHOME_COD,999023091000230109,ES NCD Phase 2
TIA_COD,999005291000230109,ES NCD Phase 2
TXSTAT_COD,999008571000230100,ES NCD Phase 2
XSTAT_COD,999008291000230103,ES NCD Phase 2
LITSTP_COD,999006371000230108,ES NCD Phase 2
MEDRVWDEC_COD,999019011000230106,ES NCD Phase 2
MILDFRAIL_COD,999013531000230106,ES NCD Phase 2
MOVNEWRES_COD,999022571000230106,ES NCD Phase 2
NDH_COD,999003091000230100,ES NCD Phase 2
PCNASSDEC_COD,999027971000230100,ES NCD Phase 2
PCSPAGRE_COD,999021851000230108,ES NCD Phase 2
RVWPCSP_COD,999021931000230105,ES NCD Phase 2
SOCPRESREF_COD,999007691000230101,ES NCD Phase 2
STATINDEC_COD,999008051000230101,ES NCD Phase 2
TPCNASS_COD,999028011000230109,ES NCD Phase 2
CHD_COD,999000771000230107,INLIQ CHD
CHDEXC_COD,999003851000230102,INLIQ CHD
CHEXC_COD,999003891000230107,INLIQ CHD
CHOL2_COD,999003971000230103,INLIQ CHD
TCHEXC_COD,999005491000230105,INLIQ CHD
APCR_COD,999003731000230103,INLIQ CKD
BP_COD,999012731000230108,INLIQ CKD
BPEX_COD,999003771000230101,INLIQ CKD
CKD_COD,999004011000230108,INLIQ CKD
CKD1AND2_COD,999004051000230107,INLIQ CKD
CKDEXC_COD,999004091000230102,INLIQ CKD
CKDPRT_COD,999004131000230104,INLIQ CKD
CKDRES_COD,999004171000230102,INLIQ CKD
HTMAX_COD,999006651000230109,INLIQ CKD
HYP_COD,999006611000230105,INLIQ CKD
HYPRES_COD,999006531000230101,INLIQ CKD
TXACE_COD,999005251000230104,INLIQ CKD
TXAII_COD,999004491000230106,INLIQ CKD
TXRENINH_COD,999004451000230101,INLIQ CKD
XACE_COD,999004371000230104,INLIQ CKD
XAII_COD,999004331000230101,INLIQ CKD
XRENINH_COD,999004291000230105,INLIQ CKD
URINEEXC_COD,999004411000230100,INLIQ CKD
CHD_COD,999000771000230107,INLIQ CVD PP
CKD_COD,999004011000230108,INLIQ CVD PP
CKD1AND2_COD,999004051000230107,INLIQ CVD PP
CKDRES_COD,999004171000230102,INLIQ CVD PP
CVDEXC_COD,999004571000230108,INLIQ CVD PP
DM_COD,999004691000230108,INLIQ CVD PP
FHYP_COD,999006811000230109,INLIQ CVD PP
HYP_COD,999006611000230105,INLIQ CVD PP
HYPRES_COD,999006531000230101,INLIQ CVD PP
DMRES_COD,999003371000230102,INLIQ CVD PP
PAD_COD,999005931000230101,INLIQ CVD PP
STRK_COD,999005531000230105,INLIQ CVD PP
TIA_COD,999005291000230109,INLIQ CVD PP
LSADV_COD,999006331000230106,INLIQ CVD PP
DM_COD,999004691000230108,INLIQ Diabetes
DMEXC_COD,999004731000230100,INLIQ Diabetes
DMRES_COD,999003371000230102,INLIQ Diabetes
MALT_COD,999006211000230108,INLIQ Diabetes
RET_COD,999006931000230105,INLIQ Diabetes
RETEXC_COD,999005771000230102,INLIQ Diabetes
URINEEXC_COD,999004411000230100,INLIQ Diabetes
EPIL_COD,999004851000230104,INLIQ Epilepsy
EPILEXC_COD,999004971000230100,INLIQ Epilepsy
EPILPA_COD,999005011000230107,INLIQ Epilepsy
EPILPAEXC_COD,999005051000230106,INLIQ Epilepsy
EPILPCAEXC_COD,999005171000230101,INLIQ Epilepsy
HYST2_COD,999006491000230101,INLIQ Epilepsy
EPILCC_COD,999004891000230109,INLIQ Epilepsy
EPILCCEXC_COD,999004931000230102,INLIQ Epilepsy
EPILPCA_COD,999005131000230103,INLIQ Epilepsy
EPILRES_COD,999005091000230101,INLIQ Epilepsy
MAXEP_COD,999006171000230105,INLIQ Epilepsy
STERIL_COD,999005611000230101,INLIQ Epilepsy
LSZ_COD,999006291000230102,INLIQ Epilepsy
DS_COD,999006771000230109,INLIQ Learning disability
LD_COD,999002611000230109,INLIQ Learning disability
LDEXC_COD,999006411000230107,INLIQ Learning disability
TFT_COD,999005411000230104,INLIQ Learning disability
THY_COD,999005371000230103,INLIQ Learning disability
ALC_COD,999007011000230101,INLIQ Mental health
ALCEX_COD,999007051000230102,INLIQ Mental health
CHD_COD,999000771000230107,INLIQ Mental health
CKD_COD,999004011000230108,INLIQ Mental health
CKD1AND2_COD,999004051000230107,INLIQ Mental health
CKDRES_COD,999004171000230102,INLIQ Mental health
CYTEXC_COD,999007171000230107,INLIQ Mental health
DM_COD,999004691000230108,INLIQ Mental health
FHYP_COD,999006811000230109,INLIQ Mental health
GLUC_COD,999006891000230103,INLIQ Mental health
HYP_COD,999006611000230105,INLIQ Mental health
HYPRES_COD,999006531000230101,INLIQ Mental health
IFCCHBAMD_COD,999006451000230106,INLIQ Mental health
DMRES_COD,999003371000230102,INLIQ Mental health
GLUCEXC_COD,999006691000230104,INLIQ Mental health
MH_COD,999001091000230104,INLIQ Mental health
MHEXC_COD,999006131000230108,INLIQ Mental health
MHREM_COD,999006091000230105,INLIQ Mental health
NOCX_COD,999007211000230105,INLIQ Mental health
PAD_COD,999005931000230101,INLIQ Mental health
SERFRUC_COD,999005691000230107,INLIQ Mental health
SMEAR_COD,999007251000230109,INLIQ Mental health
STRK_COD,999005531000230105,INLIQ Mental health
TCHOLHDL_COD,999005451000230100,INLIQ Mental health
TIA_COD,999005291000230109,INLIQ Mental health
LITSTP_COD,999006371000230108,INLIQ Mental health
BP_COD,999012731000230108,INLIQ PAD
BPEX_COD,999003771000230101,INLIQ PAD
CHEXC_COD,999003891000230107,INLIQ PAD
CHOL2_COD,999003971000230103,INLIQ PAD
CLO_COD,999007131000230105,INLIQ PAD
HTMAX_COD,999006651000230109,INLIQ PAD
ORANTICOAG_COD,999007491000230103,INLIQ PAD
OSAL_COD,999007451000230108,INLIQ PAD
PAD_COD,999005931000230101,INLIQ PAD
PADEXC_COD,999005891000230108,INLIQ PAD
TCHEXC_COD,999005491000230105,INLIQ PAD
TXSAL_COD,999007331000230108,INLIQ PAD
XSAL_COD,999007411000230109,INLIQ PAD
TXCLO_COD,999007291000230104,INLIQ PAD
XCLO_COD,999007371000230105,INLIQ PAD
BSA_COD,999003811000230101,INLIQ Rheumatoid arthritis
CHD_COD,999000771000230107,INLIQ Rheumatoid arthritis
CVDASSRA_COD,999004251000230100,INLIQ Rheumatoid arthritis
DXA2_COD,999004811000230103,INLIQ Rheumatoid arthritis
FHYP_COD,999006811000230109,INLIQ Rheumatoid arthritis
FRCASSRA_COD,999006731000230107,INLIQ Rheumatoid arthritis
CVDASSRAEXC_COD,999004531000230106,INLIQ Rheumatoid arthritis
DXA_COD,999004771000230103,INLIQ Rheumatoid arthritis
FRCASSRAEXC_COD,999006851000230108,INLIQ Rheumatoid arthritis
OSTEO_COD,999006011000230104,INLIQ Rheumatoid arthritis
RARTH_COD,999005851000230103,INLIQ Rheumatoid arthritis
RARTHEXC_COD,999005811000230102,INLIQ Rheumatoid arthritis
STRK_COD,999005531000230105,INLIQ Rheumatoid arthritis
TIA_COD,999005291000230109,INLIQ Rheumatoid arthritis
EXSMOK_COD,999005211000230103,INLIQ Smoking
LSMOK_COD,999004211000230104,INLIQ Smoking
NSMOK_COD,999006051000230100,INLIQ Smoking
SMOK_COD,999005651000230102,INLIQ Smoking
SMOKEXC_COD,999006971000230107,INLIQ Smoking
CHEXC_COD,999003891000230107,INLIQ Stroke
CHOL_COD,999003931000230100,INLIQ Stroke
CHOL2_COD,999003971000230103,INLIQ Stroke
OSTR_COD,999005971000230104,INLIQ Stroke
STREXC_COD,999005571000230107,INLIQ Stroke
STRK_COD,999005531000230105,INLIQ Stroke
TCHEXC_COD,999005491000230105,INLIQ Stroke
TIA_COD,999005291000230109,INLIQ Stroke
TFT_COD,999005411000230104,INLIQ Thyroid
THY_COD,999005371000230103,INLIQ Thyroid
THYEXC_COD,999005331000230100,INLIQ Thyroid
ADHD_COD,999016291000230104,Other LDD
ADHDREM_COD,999016331000230108,Other LDD
AST_COD,999012891000230104,Other LDD
ASTRES_COD,999010051000230100,Other LDD
AUTISM_COD,999016611000230107,Other LDD
BMIDOWNS_COD,999015971000230101,Other LDD
BMIHEALTHY_COD,999016011000230101,Other LDD
BMIOBESE_COD,999016051000230102,Other LDD
BMIOVER_COD,999016091000230107,Other LDD
BMIUNDER_COD,999016131000230105,Other LDD
BP_COD,999012731000230108,Other LDD
BRCANSCR_COD,999016171000230107,Other LDD
CAN_COD,999013651000230103,Other LDD
CHD_COD,999000771000230107,Other LDD
CHRONCONSTIP_COD,999016211000230105,Other LDD
CKD_COD,999004011000230108,Other LDD
CKD1AND2_COD,999004051000230107,Other LDD
CKDRES_COD,999004171000230102,Other LDD
COLCANSCREV_COD,999028411000230101,Other LDD
COPD_COD,999011571000230107,Other LDD
DEM_COD,999001331000230103,Other LDD
DEPR_COD,999004611000230102,Other LDD
DM_COD,999004691000230108,Other LDD
DMNONTYPE1_COD,999015691000230109,Other LDD
DMTYPE1_COD,999015611000230103,Other LDD
DS_COD,999006771000230109,Other LDD
DYSPHAG_COD,999015931000230103,Other LDD
EPIL_COD,999004851000230104,Other LDD
BMIVAL_COD,999011171000230101,Other LDD
GORD_COD,999015651000230104,Other LDD
HF_COD,999013691000230108,Other LDD
HFLVSD_COD,999007771000230106,Other LDD
HLTHAP_COD,999015891000230105,Other LDD
HLTHCHK_COD,999015851000230100,Other LDD
HYP_COD,999006611000230105,Other LDD
HYPRES_COD,999006531000230101,Other LDD
DEPRES_COD,999004651000230103,Other LDD
DMRES_COD,999003371000230102,Other LDD
EPILRES_COD,999005091000230101,Other LDD
IFCCHBAM_COD,999003251000230103,Other LDD
INTOHP2_COD,999021211000230108,Other LDD
LD_COD,999002611000230109,Other LDD
LSZFREQ_COD,999015731000230101,Other LDD
MH_COD,999001091000230104,Other LDD
MI_COD,999015771000230104,Other LDD
NOCX_COD,999007211000230105,Other LDD
PALCARE_COD,999009771000230104,Other LDD
PALCARENI_COD,999009931000230103,Other LDD
SFLUGP2_COD,999020171000230101,Other LDD
SFLUOHP1_COD,999021131000230108,Other LDD
SFLUOHP2_COD,999021451000230106,Other LDD
SMEAR_COD,999007251000230109,Other LDD
STRK_COD,999005531000230105,Other LDD
THY_COD,999005371000230103,Other LDD
TIA_COD,999005291000230109,Other LDD
INTGP1_COD,999020891000230108,Other LDD
INTGP2_COD,999019051000230105,Other LDD
INTOHP1_COD,999021051000230100,Other LDD
LITSTP_COD,999006371000230108,Other LDD
LSZ_COD,999006291000230102,Other LDD
SFLUGP1_COD,999020691000230107,Other LDD
BMILMH_COD,999022651000230101,PLE C19SPL
C19ACTIVITY_COD,999019211000230102,PLE C19SPL
C19AST_COD,999019251000230103,PLE C19SPL
C19CAN_COD,999019291000230108,PLE C19SPL
C19COPD_COD,999019331000230104,PLE C19SPL
C19CORSTESCARD_COD,999019371000230102,PLE C19SPL
C19HAEMCAN_COD,999019451000230104,PLE C19SPL
C19HEART_COD,999019491000230109,PLE C19SPL
C19MISC_COD,999022811000230101,PLE C19SPL
C19PREG_COD,999019571000230106,PLE C19SPL
C19RARTH_COD,999022731000230103,PLE C19SPL
C19REMOTEOXIM_COD,999024411000230109,PLE C19SPL
C19RESP_COD,999019611000230100,PLE C19SPL
C19RGMADIAG_COD,999019531000230109,PLE C19SPL
C19RISK_COD,999019651000230101,PLE C19SPL
C19TRANSP_COD,999019691000230106,PLE C19SPL
CAREHOME_COD,999025691000230102,PLE C19SPL
CEREBRALP_COD,999026731000230102,PLE C19SPL
CIRRHOSIS_COD,999025611000230108,PLE C19SPL
CKD1AND2ATRISK1_COD,999020931000230101,PLE C19SPL
CKD5_COD,999025571000230102,PLE C19SPL
CKDATRISK2_COD,999021491000230101,PLE C19SPL
CKDRES_COD,999004171000230102,PLE C19SPL
DEM_COD,999001331000230103,PLE C19SPL
DIALYSIS_COD,999022931000230100,PLE C19SPL
DS_COD,999006771000230109,PLE C19SPL
ETHNALL_COD,999022611000230100,PLE C19SPL
BMIVAL_COD,999011171000230101,PLE C19SPL
HAEMCANMORPH_COD,999025451000230109,PLE C19SPL
HOMELESS_COD,999025651000230107,PLE C19SPL
IMATRISK1_COD,999014411000230102,PLE C19SPL
DIALSTOP_COD,999022971000230103,PLE C19SPL
IMTRTATRISK1_COD,999014491000230108,PLE C19SPL
ISACARER_COD,999024291000230104,PLE C19SPL
LBMI40_COD,999020771000230102,PLE C19SPL
LD_COD,999002611000230109,PLE C19SPL
NDAHEIGHT_COD,999002731000230106,PLE C19SPL
NDAWEIGHT_COD,999003051000230105,PLE C19SPL
NHAEMCANMORPH_COD,999025491000230104,PLE C19SPL
NOTACARER_COD,999024331000230108,PLE C19SPL
PULMOHYP_COD,999024091000230107,PLE C19SPL
RARTHAD_COD,999022851000230102,PLE C19SPL
SLUPUS_COD,999023011000230103,PLE C19SPL
IMRESATRISK1_COD,999015531000230107,PLE C19SPL
AAA_COD,999016371000230105,PLE CVDPREVENT
ABPM_COD,999016411000230109,PLE CVDPREVENT
ACEDEC_COD,999009011000230109,PLE CVDPREVENT
AFHIST_COD,999016451000230108,PLE CVDPREVENT
AFIB_COD,999010611000230105,PLE CVDPREVENT
AFIBRES_COD,999007971000230109,PLE CVDPREVENT
ALCOHOLINT_COD,999016531000230103,PLE CVDPREVENT
AUTISM_COD,999016611000230107,PLE CVDPREVENT
BMI_COD,999010971000230107,PLE CVDPREVENT
BP_COD,999012731000230108,PLE CVDPREVENT
CALC_COD,999016651000230106,PLE CVDPREVENT
CAN_COD,999013651000230103,PLE CVDPREVENT
CHAD_COD,999011291000230109,PLE CVDPREVENT
CHD_COD,999000771000230107,PLE CVDPREVENT
CHOL2_COD,999003971000230103,PLE CVDPREVENT
CKD_COD,999004011000230108,PLE CVDPREVENT
CKD1AND2_COD,999004051000230107,PLE CVDPREVENT
CKDRES_COD,999004171000230102,PLE CVDPREVENT
CPEPTIDE_COD,999016731000230109,PLE CVDPREVENT
CRE_COD,999000811000230107,PLE CVDPREVENT
CVDASSDEC_COD,999009331000230102,PLE CVDPREVENT
CVDRETSCRN_COD,999016771000230106,PLE CVDPREVENT
CVDRISKASS_COD,999016811000230106,PLE CVDPREVENT
DIABNEPHROP_COD,999016891000230100,PLE CVDPREVENT
DIETINT_COD,999016931000230107,PLE CVDPREVENT
DMTYPE1AUDIT_COD,999016971000230109,PLE CVDPREVENT
DMTYPE2AUDIT_COD,999017011000230103,PLE CVDPREVENT
DPPOFF_COD,999000931000230108,PLE CVDPREVENT
DULIPID_COD,999017051000230104,PLE CVDPREVENT
EGFR_COD,999017131000230107,PLE CVDPREVENT
ETHNALL_COD,999022611000230100,PLE CVDPREVENT
EXCESSALC_COD,999017171000230109,PLE CVDPREVENT
EXERCISEINT_COD,999017211000230107,PLE CVDPREVENT
FHYPGEN_COD,999017251000230106,PLE CVDPREVENT
FNFHYP_COD,999017291000230101,PLE CVDPREVENT
FRC_COD,999008851000230109,PLE CVDPREVENT
AFMON_COD,999016491000230103,PLE CVDPREVENT
AIIDEC_COD,999008011000230100,PLE CVDPREVENT
ANTIHYPDEC_COD,999016571000230101,PLE CVDPREVENT
GESTDIAB_COD,999017331000230105,PLE CVDPREVENT
GGT_COD,999017371000230107,PLE CVDPREVENT
GLUC_COD,999006891000230103,PLE CVDPREVENT
HB_COD,999017451000230105,PLE CVDPREVENT
HDLCCHOL_COD,999017491000230100,PLE CVDPREVENT
HF_COD,999013691000230108,PLE CVDPREVENT
HOMEBP_COD,999017531000230100,PLE CVDPREVENT
HYP_COD,999006611000230105,PLE CVDPREVENT
HYPRES_COD,999006531000230101,PLE CVDPREVENT
IGT_COD,999001051000230109,PLE CVDPREVENT
CHADVASC_COD,999011331000230100,PLE CVDPREVENT
DMRES_COD,999003371000230102,PLE CVDPREVENT
ECGAF_COD,999017091000230109,PLE CVDPREVENT
FASPLASGLUC_COD,999000971000230105,PLE CVDPREVENT
HASBLED_COD,999017411000230106,PLE CVDPREVENT
IFCCHBAM_COD,999003251000230103,PLE CVDPREVENT
INR_COD,999017571000230103,PLE CVDPREVENT
IRREGPULSE_COD,999017611000230109,PLE CVDPREVENT
LD_COD,999002611000230109,PLE CVDPREVENT
LDLCCHOL_COD,999018771000230107,PLE CVDPREVENT
LFT_COD,999017691000230103,PLE CVDPREVENT
LIFESTYLEINT_COD,999017651000230108,PLE CVDPREVENT
MH_COD,999001091000230104,PLE CVDPREVENT
MODFRAIL_COD,999013571000230108,PLE CVDPREVENT
"NACONS_COD",999018651000230107,PLE CVDPREVENT
NDAALB_COD,999001131000230101,PLE CVDPREVENT
NDAHEIGHT_COD,999002731000230106,PLE CVDPREVENT
NDAPRT_COD,999002851000230107,PLE CVDPREVENT
NDASEPATT_COD,999002891000230102,PLE CVDPREVENT
NDASEPOFF_COD,999002931000230109,PLE CVDPREVENT
NDASMOK_COD,999003011000230106,PLE CVDPREVENT
NDAWEIGHT_COD,999003051000230105,PLE CVDPREVENT
NONHDLCCHOL_COD,999017731000230106,PLE CVDPREVENT
NONVALCHOL_COD,999018731000230105,PLE CVDPREVENT
ORANTICOAG_COD,999007491000230103,PLE CVDPREVENT
ORANTICOAGADVERS_COD,999017771000230108,PLE CVDPREVENT
ORANTICOAGDISCUS_COD,999017811000230108,PLE CVDPREVENT
ORANTICOAGREVW_COD,999017851000230107,PLE CVDPREVENT
OTHERDMAUDIT_COD,999017891000230102,PLE CVDPREVENT
PAD_COD,999005931000230101,PLE CVDPREVENT
PALCARE_COD,999009771000230104,PLE CVDPREVENT
PHOSPHATE_COD,999017931000230109,PLE CVDPREVENT
POSSFH_COD,999017971000230106,PLE CVDPREVENT
PRD_COD,999002811000230108,PLE CVDPREVENT
PTH_COD,999018011000230102,PLE CVDPREVENT
PULRHYTH_COD,999018051000230103,PLE CVDPREVENT
REFLIPID_COD,999018131000230106,PLE CVDPREVENT
RENINHDEC_COD,999018171000230108,PLE CVDPREVENT
SBROOME_COD,999018211000230106,PLE CVDPREVENT
SEVFRAIL_COD,999012131000230109,PLE CVDPREVENT
SEVHYP_COD,999018251000230105,PLE CVDPREVENT
SMOKINGINT_COD,999018291000230100,PLE CVDPREVENT
STATOFF_COD,999018331000230109,PLE CVDPREVENT
STRK_COD,999005531000230105,PLE CVDPREVENT
SVT_COD,999018371000230106,PLE CVDPREVENT
TCHOLHDL_COD,999005451000230100,PLE CVDPREVENT
TFT_COD,999005411000230104,PLE CVDPREVENT
TIA_COD,999005291000230109,PLE CVDPREVENT
TRIGLYC_COD,999018411000230105,PLE CVDPREVENT
UE_COD,999018531000230104,PLE CVDPREVENT
MILDFRAIL_COD,999013531000230106,PLE CVDPREVENT
"NAOBJEC_COD",999018691000230102,PLE CVDPREVENT
NDH_COD,999003091000230100,PLE CVDPREVENT
ORANTICOAGDEC_COD,999009731000230101,PLE CVDPREVENT
POBJEC_COD,999003131000230102,PLE CVDPREVENT
POBJECW_COD,999003171000230100,PLE CVDPREVENT
QRISKSCORE_COD,999018091000230108,PLE CVDPREVENT
STATINDEC_COD,999008051000230101,PLE CVDPREVENT
TTR_COD,999018491000230104,PLE CVDPREVENT
AAA_COD,999016371000230105,PLE GDPPR
ABPM_COD,999016411000230109,PLE GDPPR
ACEDEC_COD,999009011000230109,PLE GDPPR
AFHIST_COD,999016451000230108,PLE GDPPR
AFIB_COD,999010611000230105,PLE GDPPR
AFIBINVITE_COD,999012011000230100,PLE GDPPR
AFIBPCAPU_COD,999007931000230107,PLE GDPPR
AFIBRES_COD,999007971000230109,PLE GDPPR
ALC_COD,999007011000230101,PLE GDPPR
ALCEX_COD,999007051000230102,PLE GDPPR
ALCEXINT_COD,999000171000230108,PLE GDPPR
ALCEXINTDEC_COD,999000211000230106,PLE GDPPR
ALCOHOLINT_COD,999016531000230103,PLE GDPPR
ALCSCRNDEC_COD,999000251000230105,PLE GDPPR
ALCSPADV_COD,999000291000230100,PLE GDPPR
ALCSPADVDEC_COD,999000331000230109,PLE GDPPR
AMPL_COD,999009531000230107,PLE GDPPR
AMPR_COD,999009611000230103,PLE GDPPR
ANGINA_COD,999015571000230109,PLE GDPPR
ANGINAREF_COD,999015811000230104,PLE GDPPR
ANXSCRN_COD,999000371000230106,PLE GDPPR
ANXSCRNDEC_COD,999000411000230105,PLE GDPPR
ANXSUPP_COD,999000451000230109,PLE GDPPR
APCR_COD,999003731000230103,PLE GDPPR
AST_COD,999012891000230104,PLE GDPPR
ASTADMSN_COD,999019091000230100,PLE GDPPR
ASTINVITE_COD,999012051000230101,PLE GDPPR
ASTPCADEC_COD,999009811000230104,PLE GDPPR
ASTPCAPU_COD,999009851000230100,PLE GDPPR
ASTPCASU_COD,999009891000230105,PLE GDPPR
ASTRES_COD,999010051000230100,PLE GDPPR
ASTSPIR_COD,999010171000230105,PLE GDPPR
AUDIT_COD,999000491000230104,PLE GDPPR
AUDITC_COD,999000531000230104,PLE GDPPR
AUTISM_COD,999016611000230107,PLE GDPPR
BMI_COD,999010971000230107,PLE GDPPR
BMI30_COD,999011051000230106,PLE GDPPR
BMIDEC_COD,999011091000230101,PLE GDPPR
BMIDOWNS_COD,999015971000230101,PLE GDPPR
BMIHEALTHY_COD,999016011000230101,PLE GDPPR
BMIOBESE_COD,999016051000230102,PLE GDPPR
BMIOVER_COD,999016091000230107,PLE GDPPR
BMIUNDER_COD,999016131000230105,PLE GDPPR
BP_COD,999012731000230108,PLE GDPPR
BPDEC_COD,999012611000230106,PLE GDPPR
BRCANSCR_COD,999016171000230107,PLE GDPPR
BSA_COD,999003811000230101,PLE GDPPR
C19ACTIVITY_COD,999019211000230102,PLE GDPPR
C19AST_COD,999019251000230103,PLE GDPPR
C19CAN_COD,999019291000230108,PLE GDPPR
C19COPD_COD,999019331000230104,PLE GDPPR
C19CORSTESCARD_COD,999019371000230102,PLE GDPPR
C19FLURTI_COD,999019411000230103,PLE GDPPR
C19HAEMCAN_COD,999019451000230104,PLE GDPPR
C19HEART_COD,999019491000230109,PLE GDPPR
C19PREG_COD,999019571000230106,PLE GDPPR
C19REMOTEOXIM_COD,999024411000230109,PLE GDPPR
C19RESP_COD,999019611000230100,PLE GDPPR
C19RGMADIAG_COD,999019531000230109,PLE GDPPR
C19RISK_COD,999019651000230101,PLE GDPPR
C19TRANSP_COD,999019691000230106,PLE GDPPR
CALC_COD,999016651000230106,PLE GDPPR
CAN_COD,999013651000230103,PLE GDPPR
CANINVITE_COD,999012331000230107,PLE GDPPR
CGEGFR_COD,999016691000230101,PLE GDPPR
CHAD_COD,999011291000230109,PLE GDPPR
CHD_COD,999000771000230107,PLE GDPPR
CHDINVITE_COD,999012091000230106,PLE GDPPR
CHDPCADEC_COD,999011371000230103,PLE GDPPR
CHEXC_COD,999003891000230107,PLE GDPPR
CHOL_COD,999003931000230100,PLE GDPPR
CHOL2_COD,999003971000230103,PLE GDPPR
CHOLMAX_COD,999011451000230100,PLE GDPPR
CHRONHD_COD,999014131000230101,PLE GDPPR
CKD_COD,999004011000230108,PLE GDPPR
CKD1AND2_COD,999004051000230107,PLE GDPPR
CKD1AND2ATRISK1_COD,999020931000230101,PLE GDPPR
CKDATRISK1_COD,999014171000230104,PLE GDPPR
CKDATRISK2_COD,999021491000230101,PLE GDPPR
CKDPRT_COD,999004131000230104,PLE GDPPR
CKDRES_COD,999004171000230102,PLE GDPPR
CLDATRISK1_COD,999014211000230101,PLE GDPPR
CLO_COD,999007131000230105,PLE GDPPR
CNDATRISK1_COD,999019731000230103,PLE GDPPR
COLCANSCR_COD,999016251000230109,PLE GDPPR
COPD_COD,999011571000230107,PLE GDPPR
COPDINVITE_COD,999013011000230108,PLE GDPPR
COPDPCAPU_COD,999009051000230108,PLE GDPPR
COPDRES_COD,999009131000230100,PLE GDPPR
COPDRVW_COD,999012691000230100,PLE GDPPR
COPDSPIR_COD,999009171000230103,PLE GDPPR
CRDATRISK1_COD,999015491000230107,PLE GDPPR
CRDATRISK2_COD,999019171000230100,PLE GDPPR
CRE_COD,999000811000230107,PLE GDPPR
CSDEC_COD,999009451000230102,PLE GDPPR
CSPCAINVITE_COD,999009211000230100,PLE GDPPR
CSPU_COD,999009251000230101,PLE GDPPR
CVDASS1_COD,999009291000230106,PLE GDPPR
CVDASS2_COD,999011011000230107,PLE GDPPR
CVDASSDEC_COD,999009331000230102,PLE GDPPR
CVDASSPU_COD,999009371000230100,PLE GDPPR
CVDINVITE_COD,999013131000230104,PLE GDPPR
CVDPCADEC_COD,999009411000230101,PLE GDPPR
CVDPCAPU_COD,999009971000230101,PLE GDPPR
CVDRETSCRN_COD,999016771000230106,PLE GDPPR
CVDRISKASS_COD,999016811000230106,PLE GDPPR
DEATH_COD,999003291000230108,PLE GDPPR
DEM_COD,999001331000230103,PLE GDPPR
DEMASS_COD,999001371000230101,PLE GDPPR
DEMCP_COD,999001451000230103,PLE GDPPR
DEMCPRVW_COD,999001531000230108,PLE GDPPR
DEMCPRVWDEC_COD,999001571000230105,PLE GDPPR
DEMINVITE_COD,999013171000230102,PLE GDPPR
DEMMEDRVW_COD,999001611000230104,PLE GDPPR
DEMPCADEC_COD,999010091000230105,PLE GDPPR
DEMPCAPU_COD,999010131000230108,PLE GDPPR
DEPR_COD,999004611000230102,PLE GDPPR
DEPRINVITE_COD,999012931000230106,PLE GDPPR
DEPRPCADEC_COD,999010211000230108,PLE GDPPR
DEPRVW_COD,999010291000230102,PLE GDPPR
DEPSCRN_COD,999000571000230102,PLE GDPPR
DEPSCRNDEC_COD,999000611000230108,PLE GDPPR
DEPSUPP_COD,999000651000230107,PLE GDPPR
DIABNEPHROP_COD,999016891000230100,PLE GDPPR
DIETINT_COD,999016931000230107,PLE GDPPR
DM_COD,999004691000230108,PLE GDPPR
DMATRISK1_COD,999015171000230103,PLE GDPPR
DMINVITE_COD,999012371000230109,PLE GDPPR
DMMAX_COD,999010651000230109,PLE GDPPR
DMNONTYPE1_COD,999015691000230109,PLE GDPPR
DMPCADEC_COD,999010691000230104,PLE GDPPR
DMTYPE1_COD,999015611000230103,PLE GDPPR
DMTYPE1AUDIT_COD,999016971000230109,PLE GDPPR
DMTYPE2_COD,999010771000230109,PLE GDPPR
DMTYPE2AUDIT_COD,999017011000230103,PLE GDPPR
DPPATT_COD,999000851000230106,PLE GDPPR
DPPCOMP_COD,999000891000230101,PLE GDPPR
DPPOFF_COD,999000931000230108,PLE GDPPR
DRSATT_COD,999003331000230104,PLE GDPPR
DS_COD,999006771000230109,PLE GDPPR
DSEP_COD,999012651000230105,PLE GDPPR
DSEPDEC_COD,999010811000230109,PLE GDPPR
DSEPPU_COD,999010851000230108,PLE GDPPR
DULIPID_COD,999017051000230104,PLE GDPPR
DXA2_COD,999004811000230103,PLE GDPPR
DYSPHAG_COD,999015931000230103,PLE GDPPR
ECDEC_COD,999007811000230106,PLE GDPPR
ECOG_COD,999007731000230109,PLE GDPPR
ECPCASU_COD,999007891000230100,PLE GDPPR
EGFR_COD,999017131000230107,PLE GDPPR
EPIL_COD,999004851000230104,PLE GDPPR
EPILPA_COD,999005011000230107,PLE GDPPR
EPILPAEXC_COD,999005051000230106,PLE GDPPR
EPILPCAEXC_COD,999005171000230101,PLE GDPPR
ETH2016AC_COD,999001731000230102,PLE GDPPR
ETH2016AI_COD,999001771000230100,PLE GDPPR
ETH2016AO_COD,999001811000230100,PLE GDPPR
ETH2016AP_COD,999001851000230101,PLE GDPPR
ETH2016BA_COD,999001891000230106,PLE GDPPR
ETH2016BO_COD,999001971000230102,PLE GDPPR
ETH2016MO_COD,999002011000230103,PLE GDPPR
ETH2016MWA_COD,999002051000230104,PLE GDPPR
ETH2016OA_COD,999002211000230107,PLE GDPPR
ETH2016OO_COD,999002251000230106,PLE GDPPR
ETH2016WGT_COD,999002331000230105,PLE GDPPR
ETHNALL_COD,999022611000230100,PLE GDPPR
EXCESSALC_COD,999017171000230109,PLE GDPPR
EXERCISEINT_COD,999017211000230107,PLE GDPPR
EXSMOK_COD,999005211000230103,PLE GDPPR
FALLS_COD,999018971000230105,PLE GDPPR
FALLSREF_COD,999019891000230107,PLE GDPPR
FEDEC_COD,999008531000230102,PLE GDPPR
FEPU_COD,999008651000230105,PLE GDPPR
FHYP_COD,999006811000230109,PLE GDPPR
FHYPGEN_COD,999017251000230106,PLE GDPPR
FLU_COD,999012771000230105,PLE GDPPR
FLUDEC_COD,999008731000230108,PLE GDPPR
FLUEXPCON_COD,999008771000230105,PLE GDPPR
FNFHYP_COD,999017291000230101,PLE GDPPR
FOOTEXAM_COD,999001011000230105,PLE GDPPR
FRAILASS_COD,999019851000230102,PLE GDPPR
FRAILASSDEC_COD,999018931000230108,PLE GDPPR
FRC_COD,999008851000230109,PLE GDPPR
GDPPR_COD,999021651000230109,PLE GDPPR
AFIBPCADEC_COD,999007851000230105,PLE GDPPR
AFMON_COD,999016491000230103,PLE GDPPR
AIIDEC_COD,999008011000230100,PLE GDPPR
ALCBRINT_COD,999000091000230108,PLE GDPPR
ALCBRINTDEC_COD,999000131000230106,PLE GDPPR
ANTIHYPDEC_COD,999016571000230101,PLE GDPPR
ASTMONDEC_COD,999009651000230104,PLE GDPPR
BLDTESTDEC_COD,999011611000230101,PLE GDPPR
BMIPU_COD,999011131000230103,PLE GDPPR
BMIVAL_COD,999011171000230101,PLE GDPPR
GDPPR2YR_COD,999021691000230104,PLE GDPPR
GDPPRC19ACTIVITY_COD,999025971000230105,PLE GDPPR
GDPPRMISC_COD,999026011000230105,PLE GDPPR
GESTDIAB_COD,999017331000230105,PLE GDPPR
GGT_COD,999017371000230107,PLE GDPPR
GLUC_COD,999006891000230103,PLE GDPPR
HB_COD,999017451000230105,PLE GDPPR
HCW_COD,999019131000230102,PLE GDPPR
HDLCCHOL_COD,999017491000230100,PLE GDPPR
HEPBBLD_COD,999021371000230108,PLE GDPPR
HEPBVAC1_COD,999021091000230105,PLE GDPPR
HEPBVAC2_COD,999021291000230102,PLE GDPPR
HF_COD,999013691000230108,PLE GDPPR
HFINVITE_COD,999012411000230108,PLE GDPPR
HFLVSD_COD,999007771000230106,PLE GDPPR
HFPCAPU_COD,999010931000230105,PLE GDPPR
HIBMENC_COD,999021171000230105,PLE GDPPR
HLTHCHK_COD,999015851000230100,PLE GDPPR
HPVVAC_COD,999021331000230106,PLE GDPPR
HSTRK_COD,999012811000230105,PLE GDPPR
HTMAX_COD,999006651000230109,PLE GDPPR
HYP_COD,999006611000230105,PLE GDPPR
HYPINVITE_COD,999012971000230108,PLE GDPPR
HYPPCADEC_COD,999013091000230102,PLE GDPPR
HYPPCAPU_COD,999013211000230104,PLE GDPPR
HYPRES_COD,999006531000230101,PLE GDPPR
IMATRISK1_COD,999014411000230102,PLE GDPPR
CANPCADEC_COD,999011211000230103,PLE GDPPR
CANPCAPU_COD,999011251000230104,PLE GDPPR
CHADVASC_COD,999011331000230100,PLE GDPPR
CHDPCAPU_COD,999011411000230104,PLE GDPPR
CLODEC_COD,999011491000230105,PLE GDPPR
COPDPCADEC_COD,999008971000230108,PLE GDPPR
COPDPCASU_COD,999009091000230103,PLE GDPPR
DEMCPDEC_COD,999001491000230108,PLE GDPPR
DEPRES_COD,999004651000230103,PLE GDPPR
DEPRPCAPU_COD,999010251000230107,PLE GDPPR
DIPYDEC_COD,999010571000230104,PLE GDPPR
DMPCAPU_COD,999010731000230107,PLE GDPPR
DMRES_COD,999003371000230102,PLE GDPPR
DSEPSU_COD,999010891000230103,PLE GDPPR
DXA_COD,999004771000230103,PLE GDPPR
ECGAF_COD,999017091000230109,PLE GDPPR
ECPU_COD,999008491000230102,PLE GDPPR
EPILCC_COD,999004891000230109,PLE GDPPR
EPILCCEXC_COD,999004931000230102,PLE GDPPR
EPILPCA_COD,999005131000230103,PLE GDPPR
EPILRES_COD,999005091000230101,PLE GDPPR
ETH2016AB_COD,999001691000230105,PLE GDPPR
ETH2016BC_COD,999001931000230104,PLE GDPPR
ETH2016MWBA_COD,999002091000230109,PLE GDPPR
ETH2016MWBC_COD,999002131000230107,PLE GDPPR
ETH2016NSTAT_COD,999002171000230109,PLE GDPPR
ETH2016WB_COD,999002291000230101,PLE GDPPR
ETH2016WI_COD,999002371000230107,PLE GDPPR
ETH2016WO_COD,999002411000230106,PLE GDPPR
FALLSDISC_COD,999021011000230104,PLE GDPPR
FALLSDISCDEC_COD,999020611000230101,PLE GDPPR
FASPLASGLUC_COD,999000971000230105,PLE GDPPR
FF_COD,999008691000230100,PLE GDPPR
FLUNC_COD,999008811000230105,PLE GDPPR
HASBLED_COD,999017411000230106,PLE GDPPR
HEPBCVAC_COD,999020971000230104,PLE GDPPR
HFPCADEC_COD,999008931000230106,PLE GDPPR
HFPCASU_COD,999013051000230107,PLE GDPPR
IFCCHBAM_COD,999003251000230103,PLE GDPPR
IMMCOMPHHC_COD,999024051000230102,PLE GDPPR
IMTEMP_COD,999014451000230103,PLE GDPPR
IMTRTATRISK1_COD,999014491000230108,PLE GDPPR
INTOHP2_COD,999021211000230108,PLE GDPPR
LBBDEC_COD,999013291000230105,PLE GDPPR
LBMI_COD,999019971000230103,PLE GDPPR
LBMI40_COD,999020771000230102,PLE GDPPR
LD_COD,999002611000230109,PLE GDPPR
LDLCCHOL_COD,999018771000230107,PLE GDPPR
LFT_COD,999017691000230103,PLE GDPPR
LIFESTYLEINT_COD,999017651000230108,PLE GDPPR
LSMOK_COD,999004211000230104,PLE GDPPR
LSZFREQ_COD,999015731000230101,PLE GDPPR
MAL_COD,999013331000230101,PLE GDPPR
MAXEP_COD,999006171000230105,PLE GDPPR
MDRV_COD,999013371000230104,PLE GDPPR
MEDRVW_COD,999020811000230102,PLE GDPPR
MEMCLINDEC2_COD,999002571000230103,PLE GDPPR
MENACWYGP_COD,999014811000230100,PLE GDPPR
MENBVAC1_COD,999013731000230100,PLE GDPPR
MENBVAC2_COD,999014611000230104,PLE GDPPR
MENBVACDEC1_COD,999014851000230101,PLE GDPPR
MENBVACDECBOOST_COD,999014931000230104,PLE GDPPR
MENBVACOHP1_COD,999014971000230102,PLE GDPPR
MH_COD,999001091000230104,PLE GDPPR
MHINVITE_COD,999012451000230107,PLE GDPPR
MHP_COD,999013411000230100,PLE GDPPR
MHPCADEC_COD,999013451000230101,PLE GDPPR
MHPCAPU_COD,999013491000230106,PLE GDPPR
MHREM_COD,999006091000230105,PLE GDPPR
MI_COD,999015771000230104,PLE GDPPR
MMRVAC1_COD,999018811000230107,PLE GDPPR
MMRVAC2_COD,999018851000230106,PLE GDPPR
MODFRAIL_COD,999013571000230108,PLE GDPPR
MRC1_COD,999009491000230107,PLE GDPPR
NDAALB_COD,999001131000230101,PLE GDPPR
NDABMI_COD,999001171000230104,PLE GDPPR
NDADM_COD,999002651000230108,PLE GDPPR
NDADM1_COD,999002971000230106,PLE GDPPR
NDAHEIGHT_COD,999002731000230106,PLE GDPPR
NDAPRT_COD,999002851000230107,PLE GDPPR
NDASEPATT_COD,999002891000230102,PLE GDPPR
NDASEPOFF_COD,999002931000230109,PLE GDPPR
NDASMOK_COD,999003011000230106,PLE GDPPR
NDAWEIGHT_COD,999003051000230105,PLE GDPPR
NEEDFLUVAC_COD,999020011000230107,PLE GDPPR
NOCX_COD,999007211000230105,PLE GDPPR
NONHDLCCHOL_COD,999017731000230106,PLE GDPPR
NONVALCHOL_COD,999018731000230105,PLE GDPPR
NPTDEC_COD,999009571000230109,PLE GDPPR
NSMOK_COD,999006051000230100,PLE GDPPR
ORANTICOAG_COD,999007491000230103,PLE GDPPR
ORANTICOAGREVW_COD,999017851000230107,PLE GDPPR
OSAL_COD,999007451000230108,PLE GDPPR
OSTEO_COD,999006011000230104,PLE GDPPR
OSTR_COD,999005971000230104,PLE GDPPR
OTHERDMAUDIT_COD,999017891000230102,PLE GDPPR
PAD_COD,999005931000230101,PLE GDPPR
PALCARE_COD,999009771000230104,PLE GDPPR
PALCARENI_COD,999009931000230103,PLE GDPPR
PCV_COD,999021251000230107,PLE GDPPR
PEFR_COD,999010011000230104,PLE GDPPR
PERVACDEC_COD,999013811000230103,PLE GDPPR
PERVACOHP1_COD,999013851000230104,PLE GDPPR
PHARM_COD,999012851000230109,PLE GDPPR
PNEUVAC1_COD,999015411000230101,PLE GDPPR
PNEUVACDEC_COD,999015211000230100,PLE GDPPR
POSSFH_COD,999017971000230106,PLE GDPPR
POSSPOSTCOVID_COD,999024371000230105,PLE GDPPR
PRD_COD,999002811000230108,PLE GDPPR
PREG_COD,999019771000230101,PLE GDPPR
PRT_COD,999010331000230106,PLE GDPPR
PULRHBATT_COD,999010371000230108,PLE GDPPR
PULRHBDEC_COD,999010411000230107,PLE GDPPR
PULRHBOFF_COD,999010451000230106,PLE GDPPR
PULRHBSU_COD,999010531000230101,PLE GDPPR
RAINVITE_COD,999012491000230102,PLE GDPPR
RAPCADEC_COD,999011651000230102,PLE GDPPR
RARTH_COD,999005851000230103,PLE GDPPR
RCPDSYMP_COD,999011771000230102,PLE GDPPR
RCPEXCER_COD,999011811000230102,PLE GDPPR
RCPSLP_COD,999011851000230103,PLE GDPPR
REFERSSSA_COD,999011891000230108,PLE GDPPR
REQINTERPRETER_COD,999003611000230100,PLE GDPPR
RET_COD,999006931000230105,PLE GDPPR
REV_COD,999011931000230101,PLE GDPPR
ROTAVAC2_COD,999014531000230108,PLE GDPPR
ROTAVACEXC_COD,999014571000230105,PLE GDPPR
SALDEC_COD,999011971000230104,PLE GDPPR
SBROOME_COD,999018211000230106,PLE GDPPR
SERFRUC_COD,999005691000230107,PLE GDPPR
SEVFRAIL_COD,999012131000230109,PLE GDPPR
SEVHYP_COD,999018251000230105,PLE GDPPR
SFLUGP2_COD,999020171000230101,PLE GDPPR
SFLUOHP1_COD,999021131000230108,PLE GDPPR
SFLUOHP2_COD,999021451000230106,PLE GDPPR
SHDEC_COD,999013891000230109,PLE GDPPR
SMEAR_COD,999007251000230109,PLE GDPPR
SMOK_COD,999005651000230102,PLE GDPPR
SMOKINGINT_COD,999018291000230100,PLE GDPPR
SMOKINVITE_COD,999012531000230102,PLE GDPPR
SMOKPCADEC_COD,999012171000230106,PLE GDPPR
SMOKPCAPU_COD,999012211000230109,PLE GDPPR
SMOKSTATDEC_COD,999012251000230108,PLE GDPPR
SPIRDEC_COD,999012291000230103,PLE GDPPR
SPIRPU_COD,999008091000230106,PLE GDPPR
STATOFF_COD,999018331000230109,PLE GDPPR
STIAINVITE_COD,999012571000230100,PLE GDPPR
STRK_COD,999005531000230105,PLE GDPPR
SVT_COD,999018371000230106,PLE GDPPR
TCHOLHDL_COD,999005451000230100,PLE GDPPR
TFT_COD,999005411000230104,PLE GDPPR
THY_COD,999005371000230103,PLE GDPPR
THYEXC_COD,999005331000230100,PLE GDPPR
TIA_COD,999005291000230109,PLE GDPPR
TRIGLYC_COD,999018411000230105,PLE GDPPR
TXACE_COD,999005251000230104,PLE GDPPR
TXAII_COD,999004491000230106,PLE GDPPR
TXDIPY_COD,999008211000230109,PLE GDPPR
TXLBB_COD,999008251000230108,PLE GDPPR
TXORANTICOAG_COD,999008611000230106,PLE GDPPR
TXRENINH_COD,999004451000230101,PLE GDPPR
TXSAL_COD,999007331000230108,PLE GDPPR
TXSTAT_COD,999008571000230100,PLE GDPPR
UE_COD,999018531000230104,PLE GDPPR
XACE_COD,999004371000230104,PLE GDPPR
XAII_COD,999004331000230101,PLE GDPPR
XFLU_COD,999008411000230108,PLE GDPPR
XLBB_COD,999008371000230109,PLE GDPPR
XORANTICOAG_COD,999008331000230107,PLE GDPPR
XSAL_COD,999007411000230109,PLE GDPPR
XSTAT_COD,999008291000230103,PLE GDPPR
IMRESATRISK1_COD,999015531000230107,PLE GDPPR
INTGP1_COD,999020891000230108,PLE GDPPR
INTGP2_COD,999019051000230105,PLE GDPPR
INTOHP1_COD,999021051000230100,PLE GDPPR
LITSTP_COD,999006371000230108,PLE GDPPR
LSADV_COD,999006331000230106,PLE GDPPR
LSZ_COD,999006291000230102,PLE GDPPR
LTNDFLUVAC_COD,999024131000230105,PLE GDPPR
MEMASS_COD,999002451000230105,PLE GDPPR
MEMASSDEC_COD,999002491000230100,PLE GDPPR
MEMCLIN2_COD,999002531000230100,PLE GDPPR
MENACWYDEC_COD,999014731000230102,PLE GDPPR
MENACWYOHP_COD,999014771000230100,PLE GDPPR
MENBVACBOOST_COD,999014651000230100,PLE GDPPR
MENBVACCON_COD,999014691000230105,PLE GDPPR
MENBVACDEC2_COD,999014891000230106,PLE GDPPR
MENBVACOHP2_COD,999015011000230109,PLE GDPPR
MENBVACOHPBOOST_COD,999015051000230108,PLE GDPPR
MILDFRAIL_COD,999013531000230106,PLE GDPPR
MRC_COD,999013611000230102,PLE GDPPR
NPTPU_COD,999009691000230109,PLE GDPPR
ORANTICOAGDEC_COD,999009731000230101,PLE GDPPR
PERVAC1_COD,999013771000230103,PLE GDPPR
PNEUVACCON_COD,999015451000230102,PLE GDPPR
PNEUVACEXPCON_COD,999015251000230101,PLE GDPPR
PNEUVACNC_COD,999015291000230106,PLE GDPPR
PNEUVACOHP1_COD,999015331000230102,PLE GDPPR
POBJEC_COD,999003131000230102,PLE GDPPR
POBJECW_COD,999003171000230100,PLE GDPPR
PULRHBPU_COD,999010491000230101,PLE GDPPR
RAPCAPU_COD,999011691000230107,PLE GDPPR
RARTHRVW_COD,999011731000230104,PLE GDPPR
REQPNEUVAC_COD,999015371000230100,PLE GDPPR
RETSCREN_COD,999003211000230102,PLE GDPPR
ROTAVAC1_COD,999014371000230101,PLE GDPPR
SFLUGP1_COD,999020691000230107,PLE GDPPR
SHVACGP_COD,999014051000230109,PLE GDPPR
SHVACGP1_COD,999025811000230107,PLE GDPPR
SHVACGP2_COD,999025851000230106,PLE GDPPR
SHVACOHP_COD,999014091000230104,PLE GDPPR
SOCPRESDEC_COD,999007651000230106,PLE GDPPR
SOCPRESREF_COD,999007691000230101,PLE GDPPR
SPIRPCASU_COD,999013251000230100,PLE GDPPR
STATINDEC_COD,999008051000230101,PLE GDPPR
STIAPCADEC_COD,999008131000230109,PLE GDPPR
STIAPCAPU_COD,999008171000230106,PLE GDPPR
TTR_COD,999018491000230104,PLE GDPPR
TXCLO_COD,999007291000230104,PLE GDPPR
XCLO_COD,999007371000230105,PLE GDPPR
XDIPY_COD,999008451000230107,PLE GDPPR
DEATH_COD,999003291000230108,PLE GP2DRS
DRSATT_COD,999003331000230104,PLE GP2DRS
DRSCONWTHLD_COD,999003451000230104,PLE GP2DRS
DRSDM_COD,999003651000230101,PLE GP2DRS
DRSDM1_COD,999024011000230101,PLE GP2DRS
DRSELIGIBILITY_COD,999003491000230109,PLE GP2DRS
DRSETHNICITY_COD,999003531000230109,PLE GP2DRS
DMRES_COD,999003371000230102,PLE GP2DRS
DRSCON_COD,999003411000230103,PLE GP2DRS
PREFLANG_COD,999003571000230106,PLE GP2DRS
REQINTERPRETER_COD,999003611000230100,PLE GP2DRS
BMI_COD,999010971000230107,PLE NDA
BP_COD,999012731000230108,PLE NDA
CHD_COD,999000771000230107,PLE NDA
CRE_COD,999000811000230107,PLE NDA
DMREM_COD,999025931000230108,PLE NDA
DPPATT_COD,999000851000230106,PLE NDA
DPPCOMP_COD,999000891000230101,PLE NDA
DPPOFF_COD,999000931000230108,PLE NDA
ETHNALL_COD,999022611000230100,PLE NDA
FRC_COD,999008851000230109,PLE NDA
IGT_COD,999001051000230109,PLE NDA
FASPLASGLUC_COD,999000971000230105,PLE NDA
IFCCHBAM_COD,999003251000230103,PLE NDA
LD_COD,999002611000230109,PLE NDA
LOWCAL_COD,999025891000230101,PLE NDA
MH_COD,999001091000230104,PLE NDA
MODFRAIL_COD,999013571000230108,PLE NDA
NDAALB_COD,999001131000230101,PLE NDA
NDACHOLEST_COD,999001251000230102,PLE NDA
NDACONS_COD,999000731000230105,PLE NDA
NDADM_COD,999002651000230108,PLE NDA
NDADM1_COD,999002971000230106,PLE NDA
NDAHEIGHT_COD,999002731000230106,PLE NDA
NDAPRT_COD,999002851000230107,PLE NDA
NDASEPATT_COD,999002891000230102,PLE NDA
NDASEPOFF_COD,999002931000230109,PLE NDA
NDASMOK_COD,999003011000230106,PLE NDA
NDAWEIGHT_COD,999003051000230105,PLE NDA
PRD_COD,999002811000230108,PLE NDA
SEVFRAIL_COD,999012131000230109,PLE NDA
MILDFRAIL_COD,999013531000230106,PLE NDA
NDAOBJEC_COD,999002771000230108,PLE NDA
NDH_COD,999003091000230100,PLE NDA
POBJEC_COD,999003131000230102,PLE NDA
POBJECW_COD,999003171000230100,PLE NDA
RETSCREN_COD,999003211000230102,PLE NDA
ALC_COD,999007011000230101,PLE PHSMI
ALCADV_COD,999023131000230107,PLE PHSMI
ALCEXINT_COD,999000171000230108,PLE PHSMI
ALCINTDEC_COD,999023171000230109,PLE PHSMI
ALCSCRNDEC_COD,999000251000230105,PLE PHSMI
ALCSPADV_COD,999000291000230100,PLE PHSMI
ALCUSAGE_COD,999023251000230106,PLE PHSMI
AUDIT_COD,999000491000230104,PLE PHSMI
AUDITC_COD,999000531000230104,PLE PHSMI
BMIDEC_COD,999011091000230101,PLE PHSMI
BMILMH_COD,999022651000230101,PLE PHSMI
BP_COD,999012731000230108,PLE PHSMI
BPDEC_COD,999012611000230106,PLE PHSMI
BRCANSCR_COD,999016171000230107,PLE PHSMI
CHOL2_COD,999003971000230103,PLE PHSMI
CHOLDEC_COD,999023851000230107,PLE PHSMI
COLCANSCR_COD,999016251000230109,PLE PHSMI
COLCANSCRDEC_COD,999023731000230106,PLE PHSMI
CSDEC_COD,999009451000230102,PLE PHSMI
CSPU_COD,999009251000230101,PLE PHSMI
DCCTHBA1C_COD,999023291000230101,PLE PHSMI
DPPATT_COD,999000851000230106,PLE PHSMI
DPPCOMP_COD,999000891000230101,PLE PHSMI
DPPOFF_COD,999000931000230108,PLE PHSMI
DSEPPU_COD,999010851000230108,PLE PHSMI
ETHNALL_COD,999022611000230100,PLE PHSMI
EXERASS_COD,999023331000230105,PLE PHSMI
FAST_COD,999000691000230102,PLE PHSMI
ALCBRINT_COD,999000091000230108,PLE PHSMI
ALCREF_COD,999023211000230107,PLE PHSMI
ANTIHYPDEC_COD,999016571000230101,PLE PHSMI
BRCANSCRDEC_COD,999023811000230108,PLE PHSMI
GLUC_COD,999006891000230103,PLE PHSMI
GPPAQDEC_COD,999023451000230105,PLE PHSMI
HDLCCHOL_COD,999017491000230100,PLE PHSMI
ILLSUB_COD,999023651000230108,PLE PHSMI
ILLSUBASSDEC_COD,999023611000230109,PLE PHSMI
ILLSUBINT_COD,999023691000230103,PLE PHSMI
CVDASSRAEXC_COD,999004531000230106,PLE PHSMI
EXERASSDEC_COD,999023371000230107,PLE PHSMI
GLUCDEC_COD,999006691000230104,PLE PHSMI
IFCCHBAM_COD,999003251000230103,PLE PHSMI
LDLCCHOL_COD,999018771000230107,PLE PHSMI
MEDCHK_COD,999023971000230106,PLE PHSMI
MEDRVW_COD,999020811000230102,PLE PHSMI
MH_COD,999001091000230104,PLE PHSMI
MHREM_COD,999006091000230105,PLE PHSMI
NDAHEIGHT_COD,999002731000230106,PLE PHSMI
NDASEPATT_COD,999002891000230102,PLE PHSMI
NDASEPOFF_COD,999002931000230109,PLE PHSMI
NDAWEIGHT_COD,999003051000230105,PLE PHSMI
NOCX_COD,999007211000230105,PLE PHSMI
NONHDLCCHOL_COD,999017731000230106,PLE PHSMI
NUTRIASS_COD,999023491000230100,PLE PHSMI
PHARM_COD,999012851000230109,PLE PHSMI
PLSRATE_COD,999023931000230109,PLE PHSMI
REFERSSSA_COD,999011891000230108,PLE PHSMI
SMEAR_COD,999007251000230109,PLE PHSMI
SMOK_COD,999005651000230102,PLE PHSMI
SMOKADV_COD,999023571000230103,PLE PHSMI
SMOKSTATDEC_COD,999012251000230108,PLE PHSMI
TCHOLHDL_COD,999005451000230100,PLE PHSMI
WAIST_COD,999023891000230102,PLE PHSMI
WTMGINT_COD,999023531000230100,PLE PHSMI
WTMGINTDEC_COD,999023411000230106,PLE PHSMI
MEDRVWDEC_COD,999019011000230106,PLE PHSMI
POBJEC_COD,999003131000230102,PLE PHSMI
POBJECW_COD,999003171000230100,PLE PHSMI
QRISKSCORE_COD,999018091000230108,PLE PHSMI
STATINDEC_COD,999008051000230101,PLE PHSMI
WAISTDEC_COD,999023771000230108,PLE PHSMI
AST_COD,999012891000230104,QOF Asthma
ASTCONTASS_COD,999019931000230100,QOF Asthma
ASTEXACB_COD,999020051000230106,QOF Asthma
ASTINVITE_COD,999012051000230101,QOF Asthma
ASTPCADEC_COD,999009811000230104,QOF Asthma
ASTPCAPU_COD,999009851000230100,QOF Asthma
ASTPCASU_COD,999009891000230105,QOF Asthma
ASTRES_COD,999010051000230100,QOF Asthma
ASTSPIR_COD,999010171000230105,QOF Asthma
FENO_COD,999020211000230103,QOF Asthma
FENOPCASU_COD,999024171000230107,QOF Asthma
ASTMONDEC_COD,999009651000230104,QOF Asthma
NOSMOKEXPOS_COD,999027531000230106,QOF Asthma
PEFR_COD,999010011000230104,QOF Asthma
REV_COD,999011931000230101,QOF Asthma
SMOK_COD,999005651000230102,QOF Asthma
SMOKEXPOS_COD,999020571000230107,QOF Asthma
SMOKSTATDEC_COD,999012251000230108,QOF Asthma
SPIRDEC_COD,999012291000230103,QOF Asthma
SPIRPU_COD,999008091000230106,QOF Asthma
WRITPASTP_COD,999020651000230102,QOF Asthma
SPIRPCASU_COD,999013251000230100,QOF Asthma
AFIB_COD,999010611000230105,QOF Atrial fibrillation
AFIBINVITE_COD,999012011000230100,QOF Atrial fibrillation
AFIBPCAPU_COD,999007931000230107,QOF Atrial fibrillation
AFIBRES_COD,999007971000230109,QOF Atrial fibrillation
CHAD_COD,999011291000230109,QOF Atrial fibrillation
AFIBPCADEC_COD,999007851000230105,QOF Atrial fibrillation
CHADVASC_COD,999011331000230100,QOF Atrial fibrillation
ORANTICOAG_COD,999007491000230103,QOF Atrial fibrillation
TXORANTICOAG_COD,999008611000230106,QOF Atrial fibrillation
XORANTICOAG_COD,999008331000230107,QOF Atrial fibrillation
ORANTICOAGDEC_COD,999009731000230101,QOF Atrial fibrillation
BP_COD,999012731000230108,QOF Blood pressure
BPDEC_COD,999012611000230106,QOF Blood pressure
CAN_COD,999013651000230103,QOF Cancer
CANINVITE_COD,999012331000230107,QOF Cancer
CANPCSUPP_COD,999026491000230108,QOF Cancer
CANPCADEC_COD,999011211000230103,QOF Cancer
CANPCAPU_COD,999011251000230104,QOF Cancer
MDRV_COD,999013371000230104,QOF Cancer
CSDEC_COD,999009451000230102,QOF Cervical screening
CSPCAINVITE_COD,999009211000230100,QOF Cervical screening
CSPU_COD,999009251000230101,QOF Cervical screening
NOCX_COD,999007211000230105,QOF Cervical screening
PREG_COD,999019771000230101,QOF Cervical screening
SMEAR_COD,999007251000230109,QOF Cervical screening
BP_COD,999012731000230108,QOF CHD
BPDEC_COD,999012611000230106,QOF CHD
CHD_COD,999000771000230107,QOF CHD
CHDINVITE_COD,999012091000230106,QOF CHD
CHDPCADEC_COD,999011371000230103,QOF CHD
CLO_COD,999007131000230105,QOF CHD
HTMAX_COD,999006651000230109,QOF CHD
CHDPCAPU_COD,999011411000230104,QOF CHD
CLODEC_COD,999011491000230105,QOF CHD
ORANTICOAG_COD,999007491000230103,QOF CHD
OSAL_COD,999007451000230108,QOF CHD
SALDEC_COD,999011971000230104,QOF CHD
TXORANTICOAG_COD,999008611000230106,QOF CHD
TXSAL_COD,999007331000230108,QOF CHD
XORANTICOAG_COD,999008331000230107,QOF CHD
XSAL_COD,999007411000230109,QOF CHD
ORANTICOAGDEC_COD,999009731000230101,QOF CHD
TXCLO_COD,999007291000230104,QOF CHD
XCLO_COD,999007371000230105,QOF CHD
CKD_COD,999004011000230108,QOF CKD
CKD1AND2_COD,999004051000230107,QOF CKD
CKDRES_COD,999004171000230102,QOF CKD
COPD_COD,999011571000230107,QOF COPD
COPDINVITE_COD,999013011000230108,QOF COPD
COPDPCAPU_COD,999009051000230108,QOF COPD
COPDRES_COD,999009131000230100,QOF COPD
COPDRVW_COD,999012691000230100,QOF COPD
FEV1FVC_COD,999020251000230104,QOF COPD
COPDEXACB_COD,999020091000230101,QOF COPD
COPDPCADEC_COD,999008971000230108,QOF COPD
COPDPCASU_COD,999009091000230103,QOF COPD
FEV1FVCL70_COD,999020291000230109,QOF COPD
MRC1_COD,999009491000230107,QOF COPD
PULRHBATT_COD,999010371000230108,QOF COPD
PULRHBDEC_COD,999010411000230107,QOF COPD
PULRHBOFF_COD,999010451000230106,QOF COPD
PULRHBSU_COD,999010531000230101,QOF COPD
MRC_COD,999013611000230102,QOF COPD
PULRHBPU_COD,999010491000230101,QOF COPD
DEM_COD,999001331000230103,QOF Dementia
DEMCP_COD,999001451000230103,QOF Dementia
DEMCPRVW_COD,999001531000230108,QOF Dementia
DEMCPRVWDEC_COD,999001571000230105,QOF Dementia
DEMINVITE_COD,999013171000230102,QOF Dementia
DEMPCADEC_COD,999010091000230105,QOF Dementia
DEMPCAPU_COD,999010131000230108,QOF Dementia
DEMCPDEC_COD,999001491000230108,QOF Dementia
DEPR_COD,999004611000230102,QOF Depression
DEPRINVITE_COD,999012931000230106,QOF Depression
DEPRPCADEC_COD,999010211000230108,QOF Depression
DEPRVW_COD,999010291000230102,QOF Depression
DEPRES_COD,999004651000230103,QOF Depression
DEPRPCAPU_COD,999010251000230107,QOF Depression
ACEDEC_COD,999009011000230109,QOF Diabetes
AMPL_COD,999009531000230107,QOF Diabetes
AMPR_COD,999009611000230103,QOF Diabetes
BP_COD,999012731000230108,QOF Diabetes
BPDEC_COD,999012611000230106,QOF Diabetes
CHD_COD,999000771000230107,QOF Diabetes
CHOLMAX_COD,999011451000230100,QOF Diabetes
CKD_COD,999004011000230108,QOF Diabetes
CKD1AND2_COD,999004051000230107,QOF Diabetes
CKDRES_COD,999004171000230102,QOF Diabetes
CVDASS2_COD,999011011000230107,QOF Diabetes
DM_COD,999004691000230108,QOF Diabetes
DMINVITE_COD,999012371000230109,QOF Diabetes
DMMAX_COD,999010651000230109,QOF Diabetes
DMPCADEC_COD,999010691000230104,QOF Diabetes
DMTYPE2_COD,999010771000230109,QOF Diabetes
DSEP_COD,999012651000230105,QOF Diabetes
DSEPDEC_COD,999010811000230109,QOF Diabetes
DSEPPU_COD,999010851000230108,QOF Diabetes
FEDEC_COD,999008531000230102,QOF Diabetes
FEPU_COD,999008651000230105,QOF Diabetes
FHYP_COD,999006811000230109,QOF Diabetes
FRC_COD,999008851000230109,QOF Diabetes
AIIDEC_COD,999008011000230100,QOF Diabetes
BLDTESTDEC_COD,999011611000230101,QOF Diabetes
HSTRK_COD,999012811000230105,QOF Diabetes
HTMAX_COD,999006651000230109,QOF Diabetes
DMPCAPU_COD,999010731000230107,QOF Diabetes
DMRES_COD,999003371000230102,QOF Diabetes
DSEPSU_COD,999010891000230103,QOF Diabetes
IFCCHBAM_COD,999003251000230103,QOF Diabetes
MAL_COD,999013331000230101,QOF Diabetes
MODFRAIL_COD,999013571000230108,QOF Diabetes
NPTDEC_COD,999009571000230109,QOF Diabetes
PAD_COD,999005931000230101,QOF Diabetes
PRT_COD,999010331000230106,QOF Diabetes
SERFRUC_COD,999005691000230107,QOF Diabetes
SEVFRAIL_COD,999012131000230109,QOF Diabetes
STRK_COD,999005531000230105,QOF Diabetes
TIA_COD,999005291000230109,QOF Diabetes
TXACE_COD,999005251000230104,QOF Diabetes
TXAII_COD,999004491000230106,QOF Diabetes
TXSTAT_COD,999008571000230100,QOF Diabetes
XACE_COD,999004371000230104,QOF Diabetes
XAII_COD,999004331000230101,QOF Diabetes
XSTAT_COD,999008291000230103,QOF Diabetes
MILDFRAIL_COD,999013531000230106,QOF Diabetes
NPTPU_COD,999009691000230109,QOF Diabetes
STATINDEC_COD,999008051000230101,QOF Diabetes
EPIL_COD,999004851000230104,QOF Epilepsy
EPILRES_COD,999005091000230101,QOF Epilepsy
ACEDEC_COD,999009011000230109,QOF Heart failure
ECDEC_COD,999007811000230106,QOF Heart failure
ECOG_COD,999007731000230109,QOF Heart failure
ECPCASU_COD,999007891000230100,QOF Heart failure
AIIDEC_COD,999008011000230100,QOF Heart failure
HF_COD,999013691000230108,QOF Heart failure
HFINVITE_COD,999012411000230108,QOF Heart failure
HFLVSD_COD,999007771000230106,QOF Heart failure
HFMEDRVW_COD,999020371000230103,QOF Heart failure
HFPCAPU_COD,999010931000230105,QOF Heart failure
HFRES_COD,999020411000230104,QOF Heart failure
HFRVW_COD,999020451000230100,QOF Heart failure
ECPU_COD,999008491000230102,QOF Heart failure
HFPCADEC_COD,999008931000230106,QOF Heart failure
HFPCASU_COD,999013051000230107,QOF Heart failure
LBBDEC_COD,999013291000230105,QOF Heart failure
MEDRVW_COD,999020811000230102,QOF Heart failure
REDEJCFRAC_COD,999020531000230105,QOF Heart failure
TXACE_COD,999005251000230104,QOF Heart failure
TXAII_COD,999004491000230106,QOF Heart failure
TXLBB_COD,999008251000230108,QOF Heart failure
XACE_COD,999004371000230104,QOF Heart failure
XAII_COD,999004331000230101,QOF Heart failure
XLBB_COD,999008371000230109,QOF Heart failure
MEDRVWDEC_COD,999019011000230106,QOF Heart failure
BP_COD,999012731000230108,QOF Hypertension
BPDEC_COD,999012611000230106,QOF Hypertension
HTMAX_COD,999006651000230109,QOF Hypertension
HYP_COD,999006611000230105,QOF Hypertension
HYPINVITE_COD,999012971000230108,QOF Hypertension
HYPPCADEC_COD,999013091000230102,QOF Hypertension
HYPPCAPU_COD,999013211000230104,QOF Hypertension
HYPRES_COD,999006531000230101,QOF Hypertension
LD_COD,999002611000230109,QOF Learning disability
ALC_COD,999007011000230101,QOF Mental health
ALCSCRNDEC_COD,999000251000230105,QOF Mental health
BMI_COD,999010971000230107,QOF Mental health
BMI30_COD,999011051000230106,QOF Mental health
BMIDEC_COD,999011091000230101,QOF Mental health
BMIHEALTHY_COD,999016011000230101,QOF Mental health
BMIOBESE_COD,999016051000230102,QOF Mental health
BMIOVER_COD,999016091000230107,QOF Mental health
BMIUNDER_COD,999016131000230105,QOF Mental health
BP_COD,999012731000230108,QOF Mental health
BPDEC_COD,999012611000230106,QOF Mental health
CHD_COD,999000771000230107,QOF Mental health
CHOL2_COD,999003971000230103,QOF Mental health
CHOLDEC_COD,999023851000230107,QOF Mental health
CKD_COD,999004011000230108,QOF Mental health
CKD1AND2_COD,999004051000230107,QOF Mental health
CKDRES_COD,999004171000230102,QOF Mental health
DM_COD,999004691000230108,QOF Mental health
ETH2016AC_COD,999001731000230102,QOF Mental health
ETH2016AI_COD,999001771000230100,QOF Mental health
ETH2016AO_COD,999001811000230100,QOF Mental health
ETH2016AP_COD,999001851000230101,QOF Mental health
ETH2016BA_COD,999001891000230106,QOF Mental health
ETH2016BO_COD,999001971000230102,QOF Mental health
ETH2016MO_COD,999002011000230103,QOF Mental health
ETH2016MWA_COD,999002051000230104,QOF Mental health
ETH2016OA_COD,999002211000230107,QOF Mental health
ETH2016OO_COD,999002251000230106,QOF Mental health
ETH2016WGT_COD,999002331000230105,QOF Mental health
FHYP_COD,999006811000230109,QOF Mental health
BMIPU_COD,999011131000230103,QOF Mental health
BMIVAL_COD,999011171000230101,QOF Mental health
GLUC_COD,999006891000230103,QOF Mental health
HDLCCHOL_COD,999017491000230100,QOF Mental health
DMRES_COD,999003371000230102,QOF Mental health
ETH2016AB_COD,999001691000230105,QOF Mental health
ETH2016BC_COD,999001931000230104,QOF Mental health
ETH2016MWBA_COD,999002091000230109,QOF Mental health
ETH2016MWBC_COD,999002131000230107,QOF Mental health
ETH2016NSTAT_COD,999002171000230109,QOF Mental health
ETH2016WB_COD,999002291000230101,QOF Mental health
ETH2016WI_COD,999002371000230107,QOF Mental health
ETH2016WO_COD,999002411000230106,QOF Mental health
GLUCDEC_COD,999006691000230104,QOF Mental health
IFCCHBAM_COD,999003251000230103,QOF Mental health
LBMI40_COD,999020771000230102,QOF Mental health
LDLCCHOL_COD,999018771000230107,QOF Mental health
LSMOK_COD,999004211000230104,QOF Mental health
MH_COD,999001091000230104,QOF Mental health
MHINVITE_COD,999012451000230107,QOF Mental health
MHP_COD,999013411000230100,QOF Mental health
MHPCADEC_COD,999013451000230101,QOF Mental health
MHPCAPU_COD,999013491000230106,QOF Mental health
MHREM_COD,999006091000230105,QOF Mental health
NONHDLCCHOL_COD,999017731000230106,QOF Mental health
NONVALCHOL_COD,999018731000230105,QOF Mental health
PAD_COD,999005931000230101,QOF Mental health
SERFRUC_COD,999005691000230107,QOF Mental health
SMOK_COD,999005651000230102,QOF Mental health
STRK_COD,999005531000230105,QOF Mental health
TCHOLHDL_COD,999005451000230100,QOF Mental health
TIA_COD,999005291000230109,QOF Mental health
TRIGLYC_COD,999018411000230105,QOF Mental health
LITSTP_COD,999006371000230108,QOF Mental health
DM_COD,999004691000230108,QOF Non-diabetic hyperglycaemia
IGT_COD,999001051000230109,QOF Non-diabetic hyperglycaemia
FASPLASGLUC_COD,999000971000230105,QOF Non-diabetic hyperglycaemia
GLUCDEC_COD,999006691000230104,QOF Non-diabetic hyperglycaemia
IFCCHBAM_COD,999003251000230103,QOF Non-diabetic hyperglycaemia
NDHINVITE_COD,999020491000230105,QOF Non-diabetic hyperglycaemia
NDHPU_COD,999024251000230109,QOF Non-diabetic hyperglycaemia
PRD_COD,999002811000230108,QOF Non-diabetic hyperglycaemia
NDH_COD,999003091000230100,QOF Non-diabetic hyperglycaemia
NDHPCADEC_COD,999024211000230105,QOF Non-diabetic hyperglycaemia
BMI30_COD,999011051000230106,QOF Obesity
BMIVAL_COD,999011171000230101,QOF Obesity
DXA2_COD,999004811000230103,QOF Osteoporosis
DXA_COD,999004771000230103,QOF Osteoporosis
FF_COD,999008691000230100,QOF Osteoporosis
OSTEO_COD,999006011000230104,QOF Osteoporosis
PAD_COD,999005931000230101,QOF PAD
PALCARE_COD,999009771000230104,QOF Palliative care
PALCARENI_COD,999009931000230103,QOF Palliative care
RAINVITE_COD,999012491000230102,QOF Rheumatoid arthritis
RAPCADEC_COD,999011651000230102,QOF Rheumatoid arthritis
RARTH_COD,999005851000230103,QOF Rheumatoid arthritis
RAPCAPU_COD,999011691000230107,QOF Rheumatoid arthritis
RARTHRVW_COD,999011731000230104,QOF Rheumatoid arthritis
AST_COD,999012891000230104,QOF Smoking
ASTRES_COD,999010051000230100,QOF Smoking
CHD_COD,999000771000230107,QOF Smoking
CKD_COD,999004011000230108,QOF Smoking
CKD1AND2_COD,999004051000230107,QOF Smoking
CKDRES_COD,999004171000230102,QOF Smoking
COPD_COD,999011571000230107,QOF Smoking
COPDRES_COD,999009131000230100,QOF Smoking
DM_COD,999004691000230108,QOF Smoking
EXSMOK_COD,999005211000230103,QOF Smoking
HYP_COD,999006611000230105,QOF Smoking
HYPRES_COD,999006531000230101,QOF Smoking
DMRES_COD,999003371000230102,QOF Smoking
LSMOK_COD,999004211000230104,QOF Smoking
MH_COD,999001091000230104,QOF Smoking
NSMOK_COD,999006051000230100,QOF Smoking
PAD_COD,999005931000230101,QOF Smoking
PHARM_COD,999012851000230109,QOF Smoking
REFERSSSA_COD,999011891000230108,QOF Smoking
SMOK_COD,999005651000230102,QOF Smoking
SMOKINVITE_COD,999012531000230102,QOF Smoking
SMOKPCADEC_COD,999012171000230106,QOF Smoking
SMOKPCAPU_COD,999012211000230109,QOF Smoking
SMOKSTATDEC_COD,999012251000230108,QOF Smoking
STRK_COD,999005531000230105,QOF Smoking
TIA_COD,999005291000230109,QOF Smoking
BP_COD,999012731000230108,QOF Stroke
BPDEC_COD,999012611000230106,QOF Stroke
CLO_COD,999007131000230105,QOF Stroke
HTMAX_COD,999006651000230109,QOF Stroke
CLODEC_COD,999011491000230105,QOF Stroke
DIPYDEC_COD,999010571000230104,QOF Stroke
ORANTICOAG_COD,999007491000230103,QOF Stroke
OSAL_COD,999007451000230108,QOF Stroke
OSTR_COD,999005971000230104,QOF Stroke
SALDEC_COD,999011971000230104,QOF Stroke
STIAINVITE_COD,999012571000230100,QOF Stroke
STRK_COD,999005531000230105,QOF Stroke
TIA_COD,999005291000230109,QOF Stroke
TXDIPY_COD,999008211000230109,QOF Stroke
TXORANTICOAG_COD,999008611000230106,QOF Stroke
TXSAL_COD,999007331000230108,QOF Stroke
XORANTICOAG_COD,999008331000230107,QOF Stroke
XSAL_COD,999007411000230109,QOF Stroke
ORANTICOAGDEC_COD,999009731000230101,QOF Stroke
STIAPCADEC_COD,999008131000230109,QOF Stroke
STIAPCAPU_COD,999008171000230106,QOF Stroke
TXCLO_COD,999007291000230104,QOF Stroke
XCLO_COD,999007371000230105,QOF Stroke
XDIPY_COD,999008451000230107,QOF Stroke
4IN1VAC_COD,999026611000230104,QOF Vaccination and Immunisation
5IN1VAC_COD,999026571000230105,QOF Vaccination and Immunisation
6IN1VAC_COD,999026531000230108,QOF Vaccination and Immunisation
DTAPIPVCON_COD,999026811000230100,QOF Vaccination and Immunisation
DTAPIPVVACBOOST_COD,999026851000230101,QOF Vaccination and Immunisation
DTPCON_COD,999026771000230100,QOF Vaccination and Immunisation
MMRCON_COD,999026891000230106,QOF Vaccination and Immunisation
MMRVAC1_COD,999018811000230107,QOF Vaccination and Immunisation
MMRVAC2_COD,999018851000230106,QOF Vaccination and Immunisation
SHCON_COD,999013931000230102,QOF Vaccination and Immunisation
SHDEC_COD,999013891000230109,QOF Vaccination and Immunisation
MMROHPVAC_COD,999026691000230105,QOF Vaccination and Immunisation
SHVACGP_COD,999014051000230109,QOF Vaccination and Immunisation
SHVACGP1_COD,999025811000230107,QOF Vaccination and Immunisation
SHVACGP2_COD,999025851000230106,QOF Vaccination and Immunisation
SHVACOHP_COD,999014091000230104,QOF Vaccination and Immunisation
3IN1VAC_COD,999026651000230100,VI 6IN1
4IN1VAC_COD,999026611000230104,VI 6IN1
5IN1VAC_COD,999026571000230105,VI 6IN1
6IN1VAC_COD,999026531000230108,VI 6IN1
INTOHP2_COD,999021211000230108,VI Childhood seasonal influenza
SFLUGP2_COD,999020171000230101,VI Childhood seasonal influenza
SFLUOHP1_COD,999021131000230108,VI Childhood seasonal influenza
SFLUOHP2_COD,999021451000230106,VI Childhood seasonal influenza
INTGP1_COD,999020891000230108,VI Childhood seasonal influenza
INTGP2_COD,999019051000230105,VI Childhood seasonal influenza
INTOHP1_COD,999021051000230100,VI Childhood seasonal influenza
SFLUGP1_COD,999020691000230107,VI Childhood seasonal influenza
HEPBBLD_COD,999021371000230108,VI HepB
HEPBVAC1_COD,999021091000230105,VI HepB
HEPBVAC2_COD,999021291000230102,VI HepB
HEPBCVAC_COD,999020971000230104,VI HepB
HPVVAC_COD,999021331000230106,VI HPV booster
INTOHP2_COD,999021211000230108,VI INT Seasonal flu
NEEDFLUVAC_COD,999020011000230107,VI INT Seasonal flu
SFLUGP2_COD,999020171000230101,VI INT Seasonal flu
SFLUOHP1_COD,999021131000230108,VI INT Seasonal flu
SFLUOHP2_COD,999021451000230106,VI INT Seasonal flu
INTGP1_COD,999020891000230108,VI INT Seasonal flu
INTGP2_COD,999019051000230105,VI INT Seasonal flu
INTOHP1_COD,999021051000230100,VI INT Seasonal flu
SFLUGP1_COD,999020691000230107,VI INT Seasonal flu
MENACWYGP_COD,999014811000230100,VI MenACWY
MENACWYOHP_COD,999014771000230100,VI MenACWY
MENBVAC1_COD,999013731000230100,VI MenB
MENBVAC2_COD,999014611000230104,VI MenB
MENBVACOHP1_COD,999014971000230102,VI MenB
MENBVACBOOST_COD,999014651000230100,VI MenB
MENBVACOHP2_COD,999015011000230109,VI MenB
MENBVACOHPBOOST_COD,999015051000230108,VI MenB
MMRVAC1_COD,999018811000230107,VI MMR
MMRVAC2_COD,999018851000230106,VI MMR
MMRDEC_COD,999025731000230105,VI MMR
CHRONHD_COD,999014131000230101,VI PCV Hib MenC
CKDATRISK1_COD,999014171000230104,VI PCV Hib MenC
CLDATRISK1_COD,999014211000230101,VI PCV Hib MenC
COCIMPATRISK1_COD,999015091000230103,VI PCV Hib MenC
COCIMPREMATRISK1_COD,999014251000230102,VI PCV Hib MenC
COMPLEMENTDIS_COD,999026171000230104,VI PCV Hib MenC
CRDATRISK1_COD,999015491000230107,VI PCV Hib MenC
CSFLATRISK1_COD,999014291000230107,VI PCV Hib MenC
DMATRISK1_COD,999015171000230103,VI PCV Hib MenC
HIBMENC_COD,999021171000230105,VI PCV Hib MenC
IMATRISK1_COD,999014411000230102,VI PCV Hib MenC
DMRES_COD,999003371000230102,VI PCV Hib MenC
IMTEMP_COD,999014451000230103,VI PCV Hib MenC
IMTRTATRISK1_COD,999014491000230108,VI PCV Hib MenC
PCV_COD,999021251000230107,VI PCV Hib MenC
SEVIMATRISK_COD,999026211000230101,VI PCV Hib MenC
SPLENIC_COD,999026131000230101,VI PCV Hib MenC
IMRESATRISK1_COD,999015531000230107,VI PCV Hib MenC
PERVACDEC_COD,999013811000230103,VI Pertussis
PERVACOHP1_COD,999013851000230104,VI Pertussis
PERVAC1_COD,999013771000230103,VI Pertussis
CHRONHD_COD,999014131000230101,VI Pneumococcal
CKDATRISK1_COD,999014171000230104,VI Pneumococcal
CLDATRISK1_COD,999014211000230101,VI Pneumococcal
COCIMPATRISK1_COD,999015091000230103,VI Pneumococcal
COCIMPREMATRISK1_COD,999014251000230102,VI Pneumococcal
CRDATRISK1_COD,999015491000230107,VI Pneumococcal
CSFLATRISK1_COD,999014291000230107,VI Pneumococcal
DMATRISK1_COD,999015171000230103,VI Pneumococcal
IMATRISK1_COD,999014411000230102,VI Pneumococcal
DMRES_COD,999003371000230102,VI Pneumococcal
IMTEMP_COD,999014451000230103,VI Pneumococcal
IMTRTATRISK1_COD,999014491000230108,VI Pneumococcal
PNEUVAC1_COD,999015411000230101,VI Pneumococcal
IMRESATRISK1_COD,999015531000230107,VI Pneumococcal
PNEUVACOHP1_COD,999015331000230102,VI Pneumococcal
REQPNEUVAC_COD,999015371000230100,VI Pneumococcal
ROTAVAC2_COD,999014531000230108,VI Rotavirus
ROTAVACEXC_COD,999014571000230105,VI Rotavirus
ROTAVAC1_COD,999014371000230101,VI Rotavirus
AST_COD,999012891000230104,VI Seasonal flu
ASTADMSN_COD,999019091000230100,VI Seasonal flu
ASTRES_COD,999010051000230100,VI Seasonal flu
CHRONHD_COD,999014131000230101,VI Seasonal flu
CKD1AND2ATRISK1_COD,999020931000230101,VI Seasonal flu
CKDATRISK2_COD,999021491000230101,VI Seasonal flu
CKDRES_COD,999004171000230102,VI Seasonal flu
CLDATRISK1_COD,999014211000230101,VI Seasonal flu
CNDATRISK1_COD,999019731000230103,VI Seasonal flu
CRDATRISK2_COD,999019171000230100,VI Seasonal flu
DM_COD,999004691000230108,VI Seasonal flu
FLUDEC_COD,999008731000230108,VI Seasonal flu
FLUEXPCON_COD,999008771000230105,VI Seasonal flu
BMIVAL_COD,999011171000230101,VI Seasonal flu
HCW_COD,999019131000230102,VI Seasonal flu
IMATRISK1_COD,999014411000230102,VI Seasonal flu
DMRES_COD,999003371000230102,VI Seasonal flu
FLUNC_COD,999008811000230105,VI Seasonal flu
IMMCOMPHHC_COD,999024051000230102,VI Seasonal flu
IMTEMP_COD,999014451000230103,VI Seasonal flu
IMTRTATRISK1_COD,999014491000230108,VI Seasonal flu
INTOHP2_COD,999021211000230108,VI Seasonal flu
LBMI_COD,999019971000230103,VI Seasonal flu
LBMI40_COD,999020771000230102,VI Seasonal flu
LD_COD,999002611000230109,VI Seasonal flu
NEEDFLUVAC_COD,999020011000230107,VI Seasonal flu
PREG_COD,999019771000230101,VI Seasonal flu
SFLUGP2_COD,999020171000230101,VI Seasonal flu
SFLUOHP1_COD,999021131000230108,VI Seasonal flu
SFLUOHP2_COD,999021451000230106,VI Seasonal flu
XFLU_COD,999008411000230108,VI Seasonal flu
IMRESATRISK1_COD,999015531000230107,VI Seasonal flu
INTGP1_COD,999020891000230108,VI Seasonal flu
INTGP2_COD,999019051000230105,VI Seasonal flu
INTOHP1_COD,999021051000230100,VI Seasonal flu
LTNDFLUVAC_COD,999024131000230105,VI Seasonal flu
SFLUGP1_COD,999020691000230107,VI Seasonal flu
IMATRISK1_COD,999014411000230102,VI Shingles combined
IMTEMP_COD,999014451000230103,VI Shingles combined
IMTRTATRISK1_COD,999014491000230108,VI Shingles combined
SHCON_COD,999013931000230102,VI Shingles combined
SHDEC_COD,999013891000230109,VI Shingles combined
IMRESATRISK1_COD,999015531000230107,VI Shingles combined
SHVACGP_COD,999014051000230109,VI Shingles combined
SHVACGP1_COD,999025811000230107,VI Shingles combined
SHVACGP2_COD,999025851000230106,VI Shingles combined
SHVACOHP_COD,999014091000230104,VI Shingles combined
